"Category","Board_or_use","Designators","Item","Orderable_part_or_target","Required_for_5_units","Supplier_checked","Source_url","MOQ_or_pack_basis","Buy_qty","Estimated_unit_usd","Estimated_line_usd","Status","Notes"
"PCB","Board A","PCB-A","Bare main controller PCB","Self-Watering_Flower_Pot_Board_A_fab.zip","5 boards","JLCPCB","https://jlcpcb.com/?from=getquote","Prototype tier advertised from 5 pcs; cart quote required","5","0.40","2.00","CART_QUOTE","Estimate excludes PCB shipping, color/upcharge, taxes, and tariffs."
"PCB","Board B","PCB-B","Bare UI daughterboard PCB","Self-Watering_UI_Board_B_fab.zip","5 boards","JLCPCB","https://jlcpcb.com/?from=getquote","Prototype tier advertised from 5 pcs; cart quote required","5","0.40","2.00","CART_QUOTE","Estimate excludes PCB shipping, color/upcharge, taxes, and tariffs."
"Board A","Main controller","U1","ESP32-S3 module","Espressif ESP32-S3-WROOM-1-N8","5","DigiKey","https://www.digikey.com/en/products/detail/espressif-systems/ESP32-S3-WROOM-1-N8/15200089","MOQ 1 cut tape; qty 5 uses single-unit tier","5","5.66","28.30","OK","Native USB programming and UART fallback both depend on this exact ESP32-S3 module family."
"Board A","3.3 V buck","U2","3.3 V buck regulator","Diodes Inc AP63203WU-7","5","DigiKey","https://www.digikey.com/en/products/detail/diodes-incorporated/AP63203WU-7/9858426","MOQ 1 cut tape; qty 5 uses single-unit tier","5","0.80","4.00","OK","Fixed 3.3 V output part."
"Board A","USB input","J1","USB-C receptacle","GCT USB4105-GF-A","5","DigiKey","https://www.digikey.com/en/products/detail/gct/USB4105-GF-A/11198441","MOQ 1 cut tape; qty 5 uses single-unit tier","5","0.80","4.00","OK","Matches the selected USB4105 16-pin top-mount footprint family."
"Board A","Buck power stage","L1","3.9 uH shielded inductor","Abracon ASPI-0628-3R9M-T1","5","DigiKey","https://www.digikey.com/en/products/detail/abracon-llc/ASPI-0628-3R9M-T1/5043506","MOQ 1 cut tape; qty 5 uses single-unit tier","5","0.35","1.75","VERIFY_FOOTPRINT","Electrical target is good; physically verify against Inductor_SMD:L_Bourns_SRN6045TA before checkout."
"Board A","Pump driver","Q1","N-channel MOSFET","AOS AO3400A","5","LCSC","https://www.lcsc.com/product-detail/MOSFET_Alpha-Omega-Semicon-AO3400A_C20917.html","Minimum 5, multiple 5","5","0.0798","0.40","OK","Verify SOT-23 pinout during assembly."
"Board A","Pump driver","D1","Flyback diode","Vishay SS34-E3/57T or SMA SS34 equivalent","5","DigiKey","https://www.digikey.com/en/products/detail/vishay-general-semiconductor-diodes-division/SS34-E3-57T/1091554","MOQ 1 cut tape; qty 5 uses single-unit tier","5","1.02","5.10","OK","SMA footprint and polarity marking must match."
"Board A","JST board headers","J2,J4","2-pin JST-XH vertical headers","JST B2B-XH-A-E(LF)(SN) or exact-footprint stocked equivalent","10","Mouser/DigiPart","https://www.digipart.com/part/B2B-XH-A-E%28LF%29%28SN%29","Qty 10 price tier","10","0.123","1.23","OK_EQUIV","Use top-entry 2.50 mm JST-XH header with same footprint and pin-1 orientation."
"Board A","JST board headers","J3,J5","3-pin JST-XH vertical headers","JST B3B-XH-A-BK(LF)(SN) or exact-footprint stocked equivalent","10","Mouser","https://www.mouser.com/ProductDetail/JST-Commercial/B3B-XH-A-BKLFSN?qs=cIziFXvMxOXokbO08f3UqA%3D%3D","Qty 10 price tier","10","0.165","1.65","OK_EQUIV","Black stocked variant appears cost-effective; verify it is mechanically equivalent to the footprint."
"Board A","JST board headers","J6","9-pin JST-XH vertical UI header","JST B9B-XH-A(LF)(SN)","5","TrustedParts/Mouser","https://www.trustedparts.com/en/part/jst/B9B-XH-A%28LF%29%28SN%29","MOQ 1; qty 5 uses single-unit tier","5","0.28","1.40","OK","Must mate with Board B cable."
"Board B","JST board headers","J1","9-pin JST-XH right-angle UI header","JST S9B-XH-A(LF)(SN)","5","Newark","https://www.newark.com/jst-japan-solderless-terminals/s9b-xh-a-lf-sn/wire-to-board-connector-right/dp/74M4834","Minimum 10, multiple 10","10","0.299","2.99","MOQ_OVERBUY","Buying 10 is the minimum at Newark; only 5 are installed."
"Cables","Pump and reservoir cables","J2,J4 mating","2-pin JST-XH housings","JST XHP-2","10","Mouser","https://www.mouser.com/ProductDetail/JST-Commercial/XHP-2?qs=QpmGXVUTftGT4osVcj8ZRw%3D%3D","Qty 10 price tier","10","0.059","0.59","OK","One pump housing and one reservoir housing per unit."
"Cables","Moisture sensor cables","J3 mating","3-pin JST-XH housings","JST XHP-3","5","Mouser","https://www.mouser.com/ProductDetail/JST-Commercial/XHP-3?qs=QpmGXVUTftE%252BdE9WcWZI0w%3D%3D","MOQ 1; qty 5 uses single-unit tier","5","0.10","0.50","OK","Minimum build excludes optional flow cable housing."
"Cables","Board A to Board B UI cables","J6/J1 mating","9-pin JST-XH housings","JST XHP-9","10","Mouser","https://www.mouser.com/ProductDetail/JST-Commercial/XHP-9?qs=QpmGXVUTftHM%2FmHT1mOcYA%3D%3D","Qty 10 price tier","10","0.13","1.30","OK","Two 9-pin housings per unit, one for each end of the UI cable."
"Cables","All JST cables","JST contacts","JST-XH crimp contacts","JST SXH-001T-P0.6","125","Mouser","https://www.mouser.com/ProductDetail/JST-Commercial/SXH-001T-P0.6?qs=QpmGXVUTftHVe8yFBLIwfA%3D%3D","Qty 100 price tier","125","0.042","5.25","MINIMUM","Minimum exact count; buy more in practice because hand crimping wastes contacts."
"Board A/B","Debug and OLED headers","J7,J2","2.54 mm breakaway male header strips","Generic 2.54 mm single-row breakaway header","50 pins","Common distributor","https://www.digikey.com/en/products/filter/rectangular-connectors/headers-male-pins/314","Two 40-pin strips assumed","2 strips","0.75","1.50","OK","Covers Board A 1x6 debug and Board B 1x4 OLED headers."
"Board B","User input","SW1","Rotary encoder with push switch","Alps Alpine EC11E15244G1","5","Mouser","https://www.mouser.com/ProductDetail/Alps-Alpine/EC11E15244G1?qs=YMSFtX0bdJDiV4LBO61anw%3D%3D","Qty 5 price tier","5","3.86","19.30","VERIFY_MECHANICAL","Confirm shaft height, knob clearance, and panel stackup."
"Board B","Indicators","D1","Red 0805 LED","Lite-On LTST-C171KRKT or equivalent red 0805 LED","5","DigiKey/Octopart","https://octopart.com/ltst-c171krkt-lite-on-549889","MOQ 1 cut tape estimate","5","0.13","0.65","OK","Polarity matters."
"Board B","Indicators","D2","Green 0805 LED","Lite-On LTST-C171KGKT or equivalent green 0805 LED","5","DigiKey","https://www.digikey.com/en/products/filter/led-indication-discrete/105","MOQ 1 cut tape estimate","5","0.13","0.65","OK","Green is the default status LED color."
"Board A","USB-C CC","R1,R2","5.1k 0805 1% resistors","Yageo RC0805FR-075K1L or equivalent","10","DigiKey","https://www.digikey.com/en/products/detail/yageo/RC0805FR-075K1L/730935","Qty 10 price tier","10","0.034","0.34","OK","USB-C sink CC resistors."
"Board A/B","Pullups","R3,R8,R1,R2,R3","10k 0805 1% resistors","Yageo RC0805FR-0710KL or equivalent","25","DigiKey","https://www.digikey.com/en/products/detail/yageo/RC0805FR-0710KL/727535","Qty 25 estimate","25","0.0256","0.64","OK","Covers EN, reservoir, and encoder pullups."
"Board A","Pump gate","R4","220 ohm 0805 1% resistor","Yageo RC0805FR-07220RL or equivalent","5","DigiKey/Mouser","https://www.digikey.com/en/products/filter/chip-resistor-surface-mount/52","MOQ 1 estimate","5","0.10","0.50","OK","Pump gate series resistor."
"Board A","Pump gate","R5","100k 0805 1% resistor","Yageo RC0805FR-07100KL or equivalent","5","DigiKey/Mouser","https://www.digikey.com/en/products/filter/chip-resistor-surface-mount/52","MOQ 1 estimate","5","0.10","0.50","OK","Gate pulldown."
"Board A","I2C pullups","R6,R7","4.7k 0805 1% resistors","Yageo RC0805FR-074K7L or equivalent","10","DigiKey/Mouser","https://www.digikey.com/en/products/filter/chip-resistor-surface-mount/52","Qty 10 estimate","10","0.034","0.34","OK","Board A SDA/SCL pullups."
"Board A","Moisture ADC","R10","1k 0805 1% resistor","Yageo RC0805FR-071KL or equivalent","5","DigiKey/Mouser","https://www.digikey.com/en/products/filter/chip-resistor-surface-mount/52","MOQ 1 estimate","5","0.10","0.50","OK","ADC series resistor."
"Board B","LED current limit","R4,R5","330 ohm 0805 1% resistors","Yageo RC0805FR-07330RL or equivalent","10","DigiKey/Mouser","https://www.digikey.com/en/products/filter/chip-resistor-surface-mount/52","Qty 10 estimate","10","0.034","0.34","OK","LED resistors."
"Board A","Buck input","C1","10 uF 10 V X7R 0805 capacitor","10 uF 10 V X7R 0805 MLCC equivalent","5","DigiKey/Mouser","https://www.digikey.com/en/products/filter/ceramic-capacitors/60","MOQ 1 estimate","5","0.32","1.60","OK","Use at least 10 V rating."
"Board A","Buck output","C2,C5","22 uF 6.3 V X5R 0805 capacitors","Murata GRM21BR60J226ME39L","10","DigiKey","https://www.digikey.com/en/products/detail/murata-electronics/GRM21BR60J226ME39L/586711","Qty 10 price tier","10","0.19","1.90","OK","Two output caps per Board A."
"Board A","Bootstrap","C3","100 nF 0805 capacitor","100 nF 0805 MLCC equivalent","5","Mouser/DigiKey","https://www.mouser.com/c/passive-components/capacitors/ceramic-capacitors/mlccs-multilayer-ceramic-capacitors/?q=C0805C104K5RACTU","MOQ 1 estimate","5","0.10","0.50","OK","DNP ADC/debounce capacitor footprints are excluded from minimum."
"Board A","Pump rail","C6","100 uF 10 V radial electrolytic","100 uF 10 V radial electrolytic, 6.3 mm body, 2.50 mm pitch","5","DigiKey/Mouser","https://www.digikey.com/en/products/filter/aluminum-electrolytic-capacitors/58","MOQ 1 estimate","5","0.65","3.25","OK","Observe polarity."
"Board B","Display module","J2 module","0.96 inch SSD1306 I2C OLED module","Makerfabs MDOL0962B or confirmed GND,VCC,SCL,SDA equivalent","5","Makerfabs","https://www.makerfabs.com/0-96-inch-i2c-oled-128x64-blue.html","MOQ 1","5","3.80","19.00","VERIFY_PIN_ORDER","Do not solder until pin order is visually confirmed."
"System","Water pump","Pump","3 V to 5 V mini submersible pump","Gikfun DC 3V-5V micro submersible pump pack of 4","5 pumps","Gikfun","https://gikfun.com/products/gikfun-dc-3v-5v-micro-submersible-mini-water-pump-pack-of-4pcs","Sold as 4-pack","2 packs","11.98","23.96","PACK_OVERBUY","Buying two packs gives 8 pumps for 5 systems."
"System","Moisture sensing","Moisture sensor","Capacitive soil moisture sensor","DFRobot SEN0193","5","DFRobot","https://www.dfrobot.com/product-1385.html/","Qty 5 price tier","5","5.70","28.50","OK","Compatible supply range is 3.3 V to 5.5 V; use Board A 3.3 V."
"System","Reservoir sensing","Reservoir switch","2-wire float switch","Small vertical float switch pack, PMD Way 5-pack or equivalent","5","PMD Way","https://pmdway.com/products/plastic-vertical-float-switches-five-pack","Sold as 5-pack","1 pack","24.67","24.67","VERIFY_MECHANICAL","Mechanical reservoir geometry is still the lock item."
"System","Power","Power source","5 V >=2 A USB power adapter or power bank","Generic 5 V, >=2 A USB supply","5","Common supplier","https://www.digikey.com/en/products/filter/ac-dc-desktop-wall-power-adapters/130","One per deployed unit assumed","5","10.00","50.00","REQUIRED_FOR_DEPLOYMENT","Remove this line if you already have suitable power supplies."
"Bench/debug","Programming","USB cable","USB-C data cable","USB-C cable with USB2 data wires","1","Common supplier","https://www.digikey.com/en/products/filter/usb-cables/455","One bench cable assumed","1","6.00","6.00","REQUIRED_FLASH","Charge-only cables are not sufficient for flashing."
"Bench/debug","Fallback programming","UART adapter","3.3 V USB-UART adapter","CP2102/CH340/FTDI style 3.3 V logic USB-UART","1","Common supplier","https://www.digikey.com/en/products/filter/adapter-breakout-boards/643","One bench adapter assumed","1","8.00","8.00","REQUIRED_DEBUG","Use 3.3 V logic only; never use 5 V UART on ESP32 pins."
"Mechanical","Mounting","Screws/spacers","M2.5 and M3 nylon screw/spacer kits","Generic assorted nylon screw and spacer kits","Hardware for 5 units","Common hardware supplier","https://www.mcmaster.com/products/spacers/","One M2.5 kit plus one M3 kit assumed","2 kits","10.00","20.00","VERIFY_ENCLOSURE","Spacer length depends on the base/front-panel model."
